열선의_id,찾은_도로의_id,중점_위도,중점_경도,경사각,최근접_시설의_평균거리,시점_위도,시점_경도,종점_위도,종점_경도,길이,열선여부,행정동,주소,도로명_여부,행정구역
1,,37.507964118279205,126.9216100560175,0.2101473455715825,147.87807153933358,37.5080864714089,126.922216039586,37.5078417651495,126.921004072449,100,1,신길동,영등포구 신길동 458-4,0,영등포구
2,,37.51176749708205,126.9071076621025,0.32371433509044,162.07066286537233,37.5126935627082,126.908958194585,37.5108414314559,126.90525712962,580,1,도림동,영등포구 도림동 23-1,0,영등포구
3,,37.5109304381392,126.9009055414475,0.2400874098231915,97.13229134341734,37.5113135470759,126.900424616949,37.5105473292025,126.901386465946,160,1,도림동,영등포구 도영로 66,1,영등포구
4,,37.5059875904361,126.915672137686,0.1781730925921475,151.9665830691763,37.505139698634,126.914597806278,37.5068354822382,126.916746469094,126,1,신길동,영등포구 가마산로79길 7,1,영등포구
5,,37.50859338635595,126.91232950401452,0.7446716894258929,176.95810433132996,37.5084506667913,126.911357724168,37.5087361059206,126.913301283861,174,1,신길동,영등포구 신길로42가길 10,1,영등포구
6,,37.51343529860981,126.9069727789435,0.6961601326335723,144.50688544842072,37.5125426900991,126.907164590058,37.5143279071205,126.906780967829,90,1,영등포동,영등포구 영신로17길 13,1,영등포구
7,,37.5118913203897,126.901885091916,0.7669448036132476,106.80651424271726,37.5127982690486,126.902425124183,37.5109843717308,126.901345059649,240,1,영등포동,영등포구 도신로29길 28,1,영등포구
8,,37.4939805188171,126.9023950001905,1.4600569611608396,128.36222787653713,37.493466984443,126.901297656813,37.4944940531912,126.903492343568,230,1,대림동,영등포구 대림로22길 14-2 (대림동),1,영등포구
