열선의_id,찾은_도로의_id,중점_위도,중점_경도,경사각,최근접_시설의_평균거리,시점_위도,시점_경도,종점_위도,종점_경도,길이,열선여부,행정동,주소,도로명_여부,행정구역
1,,37.5512753703535,127.143219540092,0.5214365151789907,123.32701710600618,37.5512452383659,127.143771397691,37.5513055023411,127.142667682493,110,1,명일동,강동구 양재대로141길 14 (명일동),1,강동구
2,,37.551696525447355,127.1432700268985,0.3485157689245313,139.41301867834466,37.5517127049321,127.143821523561,37.5516803459626,127.142718530236,110,1,명일동,강동구 양재대로143길 10,1,강동구
3,,37.5520690050975,127.143301125602,0.2646542536844417,162.67501083128693,37.5520908128356,127.143854955739,37.5520471973594,127.142747295465,110,1,명일동,강동구 양재대로145길 14 (명일동),1,강동구
4,,37.5413706697841,127.1496354868865,0.5728159886109597,134.23453275483888,37.5409268527757,127.149979091111,37.5418144867925,127.149291882662,90,1,길동,강동구 명일로24길 33 (길동),1,강동구
5,,37.5490230036345,127.141994704266,0.7407894921025859,41.551534623112005,37.5491327312886,127.141406858006,37.5489132759804,127.142582550526,124,1,천호동,강동구 구천면로68가길 11-4,1,강동구
