열선의_id,찾은_도로의_id,중점_위도,중점_경도,경사각,최근접_시설의_평균거리,시점_위도,시점_경도,종점_위도,종점_경도,길이,열선여부,행정동,주소,도로명_여부,행정구역
1,,37.4934635014397,127.14766725965252,0.0127518828837213,153.1881167337662,37.4932374199839,127.1478986844,37.4936895828955,127.147435834905,70,1,거여동,송파구 거여동 697-8,0,송파구
2,,37.4977222659979,127.095611407188,0.111402027644111,131.0573058976511,37.4982636291854,127.09400503019,37.4971809028104,127.097217784186,300,1,삼전동,송파구 삼학사로 11,1,송파구
