열선의_id,찾은_도로의_id,중점_위도,중점_경도,경사각,최근접_시설의_평균거리,시점_위도,시점_경도,종점_위도,종점_경도,길이,열선여부,행정동,주소,도로명_여부,행정구역
1,,37.6024259289041,126.936144217031,4.826121579145648,171.4642612057734,37.6007975225031,126.935891544921,37.6040543353051,126.936396889141,470,1,녹번동,"은평구 통일로 610 (녹번동, 힐스테이트녹번)",1,은평구
2,,37.604281485383495,126.9355906557645,10.842701306201327,171.4642612057734,37.6045086354619,126.934784422388,37.6040543353051,126.936396889141,120,1,녹번동,은평구 통일로 630,1,은평구
3,,37.58964753607875,126.921188083837,4.815246360281085,144.52696786145196,37.5891823344489,126.919607272675,37.5901127377086,126.922768894999,470,1,응암동,은평구 백련산로 37,1,은평구
4,,37.6112196622821,126.9378044655645,4.476451549235407,119.02428685386708,37.611895066469,126.937163996518,37.6105442580952,126.938444934611,200,1,불광동,은평구 진흥로 265,1,은평구
5,,37.5932700531383,126.922517033885,5.568001550838881,220.3207059794874,37.5934033945205,126.922165710978,37.5931367117561,126.922868356792,143,1,응암동,은평구 응암로22길 39,1,은평구
6,,37.5940738029422,126.907877612182,0.969518906512956,147.5423142904556,37.5926242921815,126.906959560567,37.5955233137029,126.908795663797,90,1,은평구 신사동,은평구 은평터널로 169,1,은평구
